R,FCI,HF,D2(MP1)
1,-75.7291623,-75.38704401,0.262121219
1.1,-75.7185214,-75.36953245,0.245956264
1.2,-75.68709399,-75.3313768,0.228471356
1.3,-75.65222489,-75.28716148,0.248047905
1.4,-75.62446358,-75.24368903,0.271733493
